1	*	_	_	_	O	_	_
2	k	_	_	_	B	_	_
3	u	_	_	_	I	_	_
4	i	_	_	_	I	_	_
5	m	_	_	_	I	_	_
6	b	_	_	_	I	_	_
7	i	_	_	_	I	_	_
8	w	_	_	_	I	_	_
9	e	_	_	_	I	_	_
10	*	_	_	_	O	_	_
11	k	_	_	_	B	_	_
12	a	_	_	_	I	_	_
13	k	_	_	_	B	_	_
14	h	_	_	_	I	_	_
15	u	_	_	_	I	_	_
16	l	_	_	_	I	_	_
17	u	_	_	_	I	_	_
18	*	_	_	_	O	_	_
19	u	_	_	_	B	_	_
20	i	_	_	_	I	_	_
21	m	_	_	_	I	_	_
22	b	_	_	_	I	_	_
23	e	_	_	_	I	_	_
24	*	_	_	_	O	_	_
25	u	_	_	_	B	_	_
26	i	_	_	_	I	_	_
27	h	_	_	_	I	_	_
28	l	_	_	_	I	_	_
29	e	_	_	_	I	_	_
30	*	_	_	_	O	_	_
31	u	_	_	_	B	_	_
32	i	_	_	_	I	_	_
33	h	_	_	_	I	_	_
34	l	_	_	_	I	_	_
35	e	_	_	_	I	_	_
36	*	_	_	_	O	_	_
37	u	_	_	_	B	_	_
38	i	_	_	_	I	_	_
39	h	_	_	_	I	_	_
40	l	_	_	_	I	_	_
41	e	_	_	_	I	_	_
42	*	_	_	_	O	_	_
43	u	_	_	_	B	_	_
44	i	_	_	_	I	_	_
45	m	_	_	_	I	_	_
46	b	_	_	_	I	_	_
47	e	_	_	_	I	_	_
48	*	_	_	_	O	_	_
49	k	_	_	_	B	_	_
50	u	_	_	_	I	_	_
51	d	_	_	_	I	_	_
52	e	_	_	_	I	_	_
53	*	_	_	_	O	_	_
54	k	_	_	_	B	_	_
55	u	_	_	_	I	_	_
56	v	_	_	_	I	_	_
57	e	_	_	_	I	_	_
58	l	_	_	_	I	_	_
59	e	_	_	_	I	_	_
60	*	_	_	_	O	_	_
61	u	_	_	_	B	_	_
62	d	_	_	_	I	_	_
63	o	_	_	_	I	_	_
64	n	_	_	_	I	_	_
65	g	_	_	_	I	_	_
66	a	_	_	_	I	_	_
67	*	_	_	_	O	_	_
68	k	_	_	_	B	_	_
69	u	_	_	_	I	_	_
70	l	_	_	_	I	_	_
71	i	_	_	_	I	_	_
72	n	_	_	_	B	_	_
73	g	_	_	_	I	_	_
74	a	_	_	_	I	_	_
75	n	_	_	_	I	_	_
76	a	_	_	_	I	_	_
77	*	_	_	_	O	_	_
78	u	_	_	_	B	_	_
79	d	_	_	_	I	_	_
80	o	_	_	_	I	_	_
81	n	_	_	_	I	_	_
82	g	_	_	_	I	_	_
83	a	_	_	_	I	_	_
84	*	_	_	_	O	_	_
85	e	_	_	_	B	_	_
86	l	_	_	_	I	_	_
87	i	_	_	_	I	_	_
88	n	_	_	_	B	_	_
89	g	_	_	_	I	_	_
90	a	_	_	_	I	_	_
91	k	_	_	_	B	_	_
92	a	_	_	_	I	_	_
93	*	_	_	_	O	_	_
94	o	_	_	_	B	_	_
95	l	_	_	_	I	_	_
96	a	_	_	_	B	_	_
97	*	_	_	_	O	_	_
98	d	_	_	_	B	_	_
99	o	_	_	_	I	_	_
100	n	_	_	_	I	_	_
101	g	_	_	_	I	_	_
102	a	_	_	_	I	_	_
103	*	_	_	_	O	_	_
104	l	_	_	_	B	_	_
105	u	_	_	_	I	_	_
106	s	_	_	_	I	_	_
107	o	_	_	_	I	_	_
108	v	_	_	_	I	_	_
109	e	_	_	_	I	_	_
110	l	_	_	_	I	_	_
111	a	_	_	_	B	_	_
112	*	_	_	_	O	_	_
113	u	_	_	_	B	_	_
114	h	_	_	_	I	_	_
115	a	_	_	_	I	_	_
116	m	_	_	_	I	_	_
117	b	_	_	_	I	_	_
118	a	_	_	_	I	_	_
119	*	_	_	_	O	_	_
120	n	_	_	_	B	_	_
121	g	_	_	_	I	_	_
122	a	_	_	_	I	_	_
123	l	_	_	_	I	_	_
124	a	_	_	_	B	_	_
125	*	_	_	_	O	_	_
126	l	_	_	_	B	_	_
127	e	_	_	_	I	_	_
128	v	_	_	_	I	_	_
129	e	_	_	_	I	_	_
130	l	_	_	_	I	_	_
131	i	_	_	_	I	_	_
132	*	_	_	_	O	_	_
133	k	_	_	_	B	_	_
134	e	_	_	_	I	_	_
135	*	_	_	_	O	_	_
136	n	_	_	_	B	_	_
137	g	_	_	_	I	_	_
138	o	_	_	_	I	_	_
139	k	_	_	_	I	_	_
140	u	_	_	_	I	_	_
141	*	_	_	_	O	_	_
142	p	_	_	_	B	_	_
143	h	_	_	_	I	_	_
144	a	_	_	_	I	_	_
145	n	_	_	_	B	_	_
146	t	_	_	_	I	_	_
147	s	_	_	_	I	_	_
148	i	_	_	_	I	_	_
149	*	_	_	_	O	_	_
150	k	_	_	_	B	_	_
151	u	_	_	_	I	_	_
152	v	_	_	_	I	_	_
153	e	_	_	_	I	_	_
154	l	_	_	_	I	_	_
155	e	_	_	_	I	_	_
156	*	_	_	_	O	_	_
157	i	_	_	_	B	_	_
158	l	_	_	_	I	_	_
159	e	_	_	_	I	_	_
160	v	_	_	_	I	_	_
161	e	_	_	_	I	_	_
162	l	_	_	_	I	_	_
163	*	_	_	_	O	_	_
164	k	_	_	_	B	_	_
165	e	_	_	_	I	_	_
166	*	_	_	_	O	_	_
167	n	_	_	_	B	_	_
168	g	_	_	_	I	_	_
169	o	_	_	_	I	_	_
170	k	_	_	_	I	_	_
171	u	_	_	_	I	_	_
172	*	_	_	_	O	_	_
173	u	_	_	_	B	_	_
174	b	_	_	_	B	_	_
175	o	_	_	_	I	_	_
176	n	_	_	_	I	_	_
177	a	_	_	_	I	_	_
178	*	_	_	_	O	_	_
179	n	_	_	_	B	_	_
180	j	_	_	_	I	_	_
181	e	_	_	_	I	_	_
182	n	_	_	_	I	_	_
183	g	_	_	_	I	_	_
184	o	_	_	_	I	_	_
185	b	_	_	_	I	_	_
186	a	_	_	_	I	_	_
187	*	_	_	_	O	_	_
188	k	_	_	_	B	_	_
189	u	_	_	_	I	_	_
190	l	_	_	_	I	_	_
191	i	_	_	_	I	_	_
192	g	_	_	_	B	_	_
193	c	_	_	_	I	_	_
194	a	_	_	_	I	_	_
195	*	_	_	_	O	_	_
196	k	_	_	_	B	_	_
197	u	_	_	_	I	_	_
198	k	_	_	_	B	_	_
199	h	_	_	_	I	_	_
200	o	_	_	_	I	_	_
201	*	_	_	_	O	_	_
202	i	_	_	_	B	_	_
203	n	_	_	_	B	_	_
204	g	_	_	_	I	_	_
205	c	_	_	_	I	_	_
206	a	_	_	_	I	_	_
207	*	_	_	_	O	_	_
208	k	_	_	_	B	_	_
209	a	_	_	_	I	_	_
210	n	_	_	_	I	_	_
211	j	_	_	_	I	_	_
212	e	_	_	_	I	_	_
213	*	_	_	_	O	_	_
214	n	_	_	_	B	_	_
215	d	_	_	_	I	_	_
216	e	_	_	_	I	_	_
217	m	_	_	_	I	_	_
218	b	_	_	_	I	_	_
219	a	_	_	_	I	_	_
220	*	_	_	_	O	_	_
221	a	_	_	_	B	_	_
222	p	_	_	_	I	_	_
223	h	_	_	_	I	_	_
224	a	_	_	_	I	_	_
225	*	_	_	_	O	_	_
226	n	_	_	_	B	_	_
227	d	_	_	_	I	_	_
228	i	_	_	_	I	_	_
229	p	_	_	_	B	_	_
230	h	_	_	_	I	_	_
231	u	_	_	_	I	_	_
232	s	_	_	_	I	_	_
233	h	_	_	_	I	_	_
234	e	_	_	_	I	_	_
235	*	_	_	_	O	_	_
236	u	_	_	_	B	_	_
237	m	_	_	_	B	_	_
238	h	_	_	_	I	_	_
239	l	_	_	_	I	_	_
240	a	_	_	_	I	_	_
241	b	_	_	_	I	_	_
242	a	_	_	_	I	_	_
243	*	_	_	_	O	_	_
244	n	_	_	_	B	_	_
245	d	_	_	_	I	_	_
246	i	_	_	_	I	_	_
247	w	_	_	_	I	_	_
248	u	_	_	_	I	_	_
249	p	_	_	_	B	_	_
250	h	_	_	_	I	_	_
251	u	_	_	_	I	_	_
252	s	_	_	_	I	_	_
253	h	_	_	_	I	_	_
254	e	_	_	_	I	_	_
255	l	_	_	_	I	_	_
256	e	_	_	_	I	_	_
257	*	_	_	_	O	_	_
258	n	_	_	_	B	_	_
259	g	_	_	_	I	_	_
260	a	_	_	_	I	_	_
261	p	_	_	_	I	_	_
262	h	_	_	_	I	_	_
263	a	_	_	_	I	_	_
264	*	_	_	_	O	_	_
265	n	_	_	_	B	_	_
266	d	_	_	_	I	_	_
267	e	_	_	_	I	_	_
268	k	_	_	_	B	_	_
269	h	_	_	_	I	_	_
270	e	_	_	_	I	_	_
271	*	_	_	_	O	_	_
272	u	_	_	_	B	_	_
273	m	_	_	_	B	_	_
274	h	_	_	_	I	_	_
275	l	_	_	_	I	_	_
276	a	_	_	_	I	_	_
277	b	_	_	_	I	_	_
278	a	_	_	_	I	_	_
279	*	_	_	_	O	_	_
280	k	_	_	_	B	_	_
281	o	_	_	_	I	_	_
282	d	_	_	_	I	_	_
283	e	_	_	_	I	_	_
284	s	_	_	_	I	_	_
285	k	_	_	_	I	_	_
286	e	_	_	_	I	_	_
287	*	_	_	_	O	_	_
288	k	_	_	_	B	_	_
289	u	_	_	_	I	_	_
290	v	_	_	_	I	_	_
291	e	_	_	_	I	_	_
292	l	_	_	_	I	_	_
293	e	_	_	_	I	_	_
294	*	_	_	_	O	_	_
295	l	_	_	_	B	_	_
296	e	_	_	_	I	_	_
297	*	_	_	_	O	_	_
298	n	_	_	_	B	_	_
299	d	_	_	_	I	_	_
300	a	_	_	_	I	_	_
301	w	_	_	_	I	_	_
302	o	_	_	_	I	_	_
303	*	_	_	_	O	_	_
304	e	_	_	_	B	_	_
305	f	_	_	_	I	_	_
306	l	_	_	_	I	_	_
307	a	_	_	_	I	_	_
308	t	_	_	_	I	_	_
309	*	_	_	_	O	_	_
310	K	_	_	_	B	_	_
311	u	_	_	_	I	_	_
312	s	_	_	_	I	_	_
313	o	_	_	_	I	_	_
314	b	_	_	_	I	_	_
315	a	_	_	_	I	_	_
316	*	_	_	_	O	_	_
317	f	_	_	_	B	_	_
318	l	_	_	_	I	_	_
319	a	_	_	_	I	_	_
320	t	_	_	_	I	_	_
321	*	_	_	_	O	_	_
322	p	_	_	_	B	_	_
323	h	_	_	_	I	_	_
324	u	_	_	_	I	_	_
325	s	_	_	_	I	_	_
326	h	_	_	_	I	_	_
327	e	_	_	_	I	_	_
328	*	_	_	_	O	_	_
329	l	_	_	_	B	_	_
330	o	_	_	_	I	_	_
331	*	_	_	_	O	_	_
332	m	_	_	_	B	_	_
333	h	_	_	_	I	_	_
334	l	_	_	_	I	_	_
335	a	_	_	_	I	_	_
336	b	_	_	_	I	_	_
337	a	_	_	_	I	_	_
338	*	_	_	_	O	_	_
339	N	_	_	_	B	_	_
340	d	_	_	_	I	_	_
341	i	_	_	_	I	_	_
342	y	_	_	_	I	_	_
343	e	_	_	_	I	_	_
344	*	_	_	_	O	_	_
345	k	_	_	_	B	_	_
346	o	_	_	_	I	_	_
347	l	_	_	_	I	_	_
348	a	_	_	_	B	_	_
349	*	_	_	_	O	_	_
350	d	_	_	_	B	_	_
351	o	_	_	_	I	_	_
352	n	_	_	_	I	_	_
353	g	_	_	_	I	_	_
354	a	_	_	_	I	_	_
355	*	_	_	_	O	_	_
356	n	_	_	_	B	_	_
357	d	_	_	_	I	_	_
358	i	_	_	_	I	_	_
359	y	_	_	_	I	_	_
360	e	_	_	_	I	_	_
361	*	_	_	_	O	_	_
362	k	_	_	_	B	_	_
363	o	_	_	_	I	_	_
364	l	_	_	_	I	_	_
365	a	_	_	_	B	_	_
366	*	_	_	_	O	_	_
367	d	_	_	_	B	_	_
368	o	_	_	_	I	_	_
369	n	_	_	_	I	_	_
370	g	_	_	_	I	_	_
371	a	_	_	_	I	_	_
372	*	_	_	_	O	_	_
373	n	_	_	_	B	_	_
374	d	_	_	_	I	_	_
375	i	_	_	_	I	_	_
376	s	_	_	_	I	_	_
377	e	_	_	_	I	_	_
378	m	_	_	_	I	_	_
379	b	_	_	_	I	_	_
380	a	_	_	_	I	_	_
381	*	_	_	_	O	_	_
382	n	_	_	_	B	_	_
383	g	_	_	_	I	_	_
384	a	_	_	_	I	_	_
385	i	_	_	_	I	_	_
386	p	_	_	_	I	_	_
387	e	_	_	_	I	_	_
388	k	_	_	_	I	_	_
389	i	_	_	_	I	_	_
390	*	_	_	_	O	_	_
391	u	_	_	_	B	_	_
392	m	_	_	_	B	_	_
393	h	_	_	_	I	_	_
394	l	_	_	_	I	_	_
395	a	_	_	_	I	_	_
396	b	_	_	_	I	_	_
397	a	_	_	_	I	_	_
398	*	_	_	_	O	_	_
399	n	_	_	_	B	_	_
400	d	_	_	_	I	_	_
401	i	_	_	_	I	_	_
402	w	_	_	_	I	_	_
403	u	_	_	_	I	_	_
404	j	_	_	_	B	_	_
405	u	_	_	_	I	_	_
406	l	_	_	_	I	_	_
407	a	_	_	_	B	_	_
408	*	_	_	_	O	_	_
409	n	_	_	_	B	_	_
410	g	_	_	_	I	_	_
411	a	_	_	_	I	_	_
412	p	_	_	_	I	_	_
413	h	_	_	_	I	_	_
414	a	_	_	_	I	_	_
415	*	_	_	_	O	_	_
416	d	_	_	_	B	_	_
417	e	_	_	_	I	_	_
418	s	_	_	_	I	_	_
419	k	_	_	_	I	_	_
420	e	_	_	_	I	_	_
421	*	_	_	_	O	_	_
422	k	_	_	_	B	_	_
423	u	_	_	_	I	_	_
424	v	_	_	_	I	_	_
425	e	_	_	_	I	_	_
426	l	_	_	_	I	_	_
427	e	_	_	_	I	_	_
428	*	_	_	_	O	_	_
429	i	_	_	_	B	_	_
430	n	_	_	_	B	_	_
431	d	_	_	_	I	_	_
432	a	_	_	_	I	_	_
433	w	_	_	_	I	_	_
434	o	_	_	_	I	_	_
435	*	_	_	_	O	_	_
436	n	_	_	_	B	_	_
437	g	_	_	_	I	_	_
438	o	_	_	_	I	_	_
439	k	_	_	_	I	_	_
440	u	_	_	_	I	_	_
441	*	_	_	_	O	_	_
442	e	_	_	_	B	_	_
443	f	_	_	_	I	_	_
444	l	_	_	_	I	_	_
445	a	_	_	_	I	_	_
446	t	_	_	_	I	_	_
447	*	_	_	_	O	_	_
448	k	_	_	_	B	_	_
449	e	_	_	_	I	_	_
450	*	_	_	_	O	_	_
451	n	_	_	_	B	_	_
452	g	_	_	_	I	_	_
453	o	_	_	_	I	_	_
454	k	_	_	_	I	_	_
455	u	_	_	_	I	_	_
456	*	_	_	_	O	_	_
457	I	_	_	_	B	_	_
458	b	_	_	_	I	_	_
459	e	_	_	_	I	_	_
460	*	_	_	_	O	_	_
461	i	_	_	_	B	_	_
462	y	_	_	_	B	_	_
463	a	_	_	_	I	_	_
464	l	_	_	_	I	_	_
465	u	_	_	_	I	_	_
466	n	_	_	_	B	_	_
467	g	_	_	_	I	_	_
468	a	_	_	_	I	_	_
469	*	_	_	_	O	_	_
470	k	_	_	_	B	_	_
471	e	_	_	_	I	_	_
472	*	_	_	_	O	_	_
473	n	_	_	_	B	_	_
474	g	_	_	_	I	_	_
475	o	_	_	_	I	_	_
476	k	_	_	_	I	_	_
477	u	_	_	_	I	_	_
478	*	_	_	_	O	_	_
479	i	_	_	_	B	_	_
480	n	_	_	_	B	_	_
481	d	_	_	_	I	_	_
482	l	_	_	_	I	_	_
483	u	_	_	_	I	_	_
484	*	_	_	_	O	_	_
485	n	_	_	_	B	_	_
486	g	_	_	_	I	_	_
487	a	_	_	_	I	_	_
488	i	_	_	_	I	_	_
489	m	_	_	_	B	_	_
490	p	_	_	_	I	_	_
491	e	_	_	_	I	_	_
492	l	_	_	_	I	_	_
493	a	_	_	_	I	_	_
494	v	_	_	_	I	_	_
495	e	_	_	_	I	_	_
496	k	_	_	_	I	_	_
497	i	_	_	_	I	_	_
498	*	_	_	_	O	_	_
499	n	_	_	_	B	_	_
500	d	_	_	_	I	_	_
501	i	_	_	_	I	_	_
502	z	_	_	_	B	_	_
503	o	_	_	_	I	_	_
504	k	_	_	_	I	_	_
505	u	_	_	_	I	_	_
506	v	_	_	_	B	_	_
507	u	_	_	_	I	_	_
508	k	_	_	_	B	_	_
509	a	_	_	_	I	_	_
510	*	_	_	_	O	_	_
511	e	_	_	_	B	_	_
512	k	_	_	_	I	_	_
513	u	_	_	_	I	_	_
514	s	_	_	_	I	_	_
515	e	_	_	_	I	_	_
516	n	_	_	_	I	_	_
517	i	_	_	_	I	_	_
518	*	_	_	_	O	_	_
519	n	_	_	_	B	_	_
520	d	_	_	_	I	_	_
521	i	_	_	_	I	_	_
522	h	_	_	_	I	_	_
523	l	_	_	_	I	_	_
524	a	_	_	_	I	_	_
525	m	_	_	_	I	_	_
526	b	_	_	_	I	_	_
527	e	_	_	_	I	_	_
528	*	_	_	_	O	_	_
529	n	_	_	_	B	_	_
530	d	_	_	_	I	_	_
531	i	_	_	_	I	_	_
532	h	_	_	_	I	_	_
533	l	_	_	_	I	_	_
534	a	_	_	_	I	_	_
535	m	_	_	_	I	_	_
536	b	_	_	_	I	_	_
537	e	_	_	_	I	_	_
538	*	_	_	_	O	_	_
539	a	_	_	_	B	_	_
540	b	_	_	_	I	_	_
541	a	_	_	_	I	_	_
542	n	_	_	_	B	_	_
543	t	_	_	_	I	_	_
544	w	_	_	_	I	_	_
545	a	_	_	_	I	_	_
546	n	_	_	_	I	_	_
547	a	_	_	_	I	_	_
548	*	_	_	_	O	_	_
549	b	_	_	_	B	_	_
550	a	_	_	_	I	_	_
551	m	_	_	_	I	_	_
552	*	_	_	_	O	_	_
553	s	_	_	_	B	_	_
554	i	_	_	_	I	_	_
555	t	_	_	_	I	_	_
556	y	_	_	_	I	_	_
557	e	_	_	_	I	_	_
558	*	_	_	_	O	_	_
559	i	_	_	_	B	_	_
560	s	_	_	_	I	_	_
561	i	_	_	_	I	_	_
562	d	_	_	_	I	_	_
563	l	_	_	_	I	_	_
564	o	_	_	_	I	_	_
565	*	_	_	_	O	_	_
566	s	_	_	_	B	_	_
567	a	_	_	_	I	_	_
568	s	_	_	_	I	_	_
569	e	_	_	_	I	_	_
570	k	_	_	_	I	_	_
571	u	_	_	_	I	_	_
572	s	_	_	_	I	_	_
573	e	_	_	_	I	_	_
574	n	_	_	_	I	_	_
575	i	_	_	_	I	_	_
576	*	_	_	_	O	_	_
577	s	_	_	_	B	_	_
578	i	_	_	_	I	_	_
579	h	_	_	_	I	_	_
580	l	_	_	_	I	_	_
581	a	_	_	_	I	_	_
582	l	_	_	_	I	_	_
583	e	_	_	_	I	_	_
584	*	_	_	_	O	_	_
585	p	_	_	_	B	_	_
586	h	_	_	_	I	_	_
587	a	_	_	_	I	_	_
588	n	_	_	_	B	_	_
589	d	_	_	_	I	_	_
590	l	_	_	_	I	_	_
591	e	_	_	_	I	_	_
592	*	_	_	_	O	_	_
593	e	_	_	_	B	_	_
594	m	_	_	_	I	_	_
595	v	_	_	_	I	_	_
596	e	_	_	_	I	_	_
597	n	_	_	_	I	_	_
598	i	_	_	_	I	_	_
599	*	_	_	_	O	_	_
600	k	_	_	_	B	_	_
601	o	_	_	_	I	_	_
602	k	_	_	_	I	_	_
603	o	_	_	_	I	_	_
604	*	_	_	_	O	_	_
605	n	_	_	_	B	_	_
606	d	_	_	_	I	_	_
607	i	_	_	_	I	_	_
608	n	_	_	_	B	_	_
609	g	_	_	_	I	_	_
610	e	_	_	_	I	_	_
611	n	_	_	_	I	_	_
612	e	_	_	_	I	_	_
613	*	_	_	_	O	_	_
614	e	_	_	_	B	_	_
615	g	_	_	_	I	_	_
616	a	_	_	_	I	_	_
617	d	_	_	_	I	_	_
618	i	_	_	_	I	_	_
619	n	_	_	_	B	_	_
620	i	_	_	_	I	_	_
621	*	_	_	_	O	_	_
622	n	_	_	_	B	_	_
623	d	_	_	_	I	_	_
624	i	_	_	_	I	_	_
625	h	_	_	_	I	_	_
626	l	_	_	_	I	_	_
627	a	_	_	_	I	_	_
628	k	_	_	_	B	_	_
629	u	_	_	_	I	_	_
630	l	_	_	_	I	_	_
631	e	_	_	_	I	_	_
632	*	_	_	_	O	_	_
633	n	_	_	_	B	_	_
634	d	_	_	_	I	_	_
635	i	_	_	_	I	_	_
636	p	_	_	_	B	_	_
637	h	_	_	_	I	_	_
638	u	_	_	_	I	_	_
639	m	_	_	_	I	_	_
640	e	_	_	_	I	_	_
641	*	_	_	_	O	_	_
642	n	_	_	_	B	_	_
643	d	_	_	_	I	_	_
644	i	_	_	_	I	_	_
645	p	_	_	_	B	_	_
646	h	_	_	_	I	_	_
647	u	_	_	_	I	_	_
648	m	_	_	_	B	_	_
649	l	_	_	_	I	_	_
650	e	_	_	_	I	_	_
651	*	_	_	_	O	_	_
652	e	_	_	_	B	_	_
653	n	_	_	_	B	_	_
654	d	_	_	_	I	_	_
655	l	_	_	_	I	_	_
656	i	_	_	_	I	_	_
657	n	_	_	_	B	_	_
658	i	_	_	_	I	_	_
659	*	_	_	_	O	_	_
660	i	_	_	_	B	_	_
661	w	_	_	_	I	_	_
662	e	_	_	_	I	_	_
663	*	_	_	_	O	_	_
664	e	_	_	_	B	_	_
665	m	_	_	_	I	_	_
666	t	_	_	_	I	_	_
667	h	_	_	_	I	_	_
668	i	_	_	_	I	_	_
669	n	_	_	_	B	_	_
670	i	_	_	_	I	_	_
671	*	_	_	_	O	_	_
672	Y	_	_	_	B	_	_
673	o	_	_	_	I	_	_
674	p	_	_	_	I	_	_
675	h	_	_	_	I	_	_
676	u	_	_	_	I	_	_
677	k	_	_	_	I	_	_
678	e	_	_	_	I	_	_
679	*	_	_	_	O	_	_
680	u	_	_	_	B	_	_
681	m	_	_	_	B	_	_
682	l	_	_	_	I	_	_
683	e	_	_	_	I	_	_
684	n	_	_	_	I	_	_
685	z	_	_	_	I	_	_
686	e	_	_	_	I	_	_
687	*	_	_	_	O	_	_
688	K	_	_	_	B	_	_
689	u	_	_	_	I	_	_
690	y	_	_	_	I	_	_
691	e	_	_	_	I	_	_
692	*	_	_	_	O	_	_
693	k	_	_	_	B	_	_
694	w	_	_	_	I	_	_
695	a	_	_	_	I	_	_
696	f	_	_	_	I	_	_
697	i	_	_	_	I	_	_
698	k	_	_	_	B	_	_
699	a	_	_	_	I	_	_
700	*	_	_	_	O	_	_
701	a	_	_	_	B	_	_
702	b	_	_	_	I	_	_
703	a	_	_	_	I	_	_
704	n	_	_	_	B	_	_
705	t	_	_	_	I	_	_
706	u	_	_	_	I	_	_
707	*	_	_	_	O	_	_
708	b	_	_	_	B	_	_
709	a	_	_	_	I	_	_
710	z	_	_	_	I	_	_
711	a	_	_	_	I	_	_
712	k	_	_	_	B	_	_
713	u	_	_	_	I	_	_
714	m	_	_	_	B	_	_
715	t	_	_	_	I	_	_
716	h	_	_	_	I	_	_
717	a	_	_	_	I	_	_
718	t	_	_	_	I	_	_
719	h	_	_	_	I	_	_
720	a	_	_	_	I	_	_
721	*	_	_	_	O	_	_
722	B	_	_	_	B	_	_
723	a	_	_	_	I	_	_
724	f	_	_	_	I	_	_
725	i	_	_	_	I	_	_
726	k	_	_	_	B	_	_
727	e	_	_	_	I	_	_
728	*	_	_	_	O	_	_
729	e	_	_	_	B	_	_
730	l	_	_	_	I	_	_
731	i	_	_	_	I	_	_
732	l	_	_	_	I	_	_
733	a	_	_	_	B	_	_
734	*	_	_	_	O	_	_
735	U	_	_	_	B	_	_
736	b	_	_	_	I	_	_
737	e	_	_	_	I	_	_
738	q	_	_	_	I	_	_
739	a	_	_	_	I	_	_
740	q	_	_	_	I	_	_
741	a	_	_	_	I	_	_
742	n	_	_	_	I	_	_
743	j	_	_	_	I	_	_
744	e	_	_	_	I	_	_
745	l	_	_	_	I	_	_
746	w	_	_	_	I	_	_
747	a	_	_	_	B	_	_
748	*	_	_	_	O	_	_
749	k	_	_	_	B	_	_
750	a	_	_	_	I	_	_
751	k	_	_	_	B	_	_
752	h	_	_	_	I	_	_
753	u	_	_	_	I	_	_
754	l	_	_	_	I	_	_
755	u	_	_	_	I	_	_
756	*	_	_	_	O	_	_
757	l	_	_	_	B	_	_
758	i	_	_	_	I	_	_
759	i	_	_	_	I	_	_
760	d	_	_	_	I	_	_
761	o	_	_	_	I	_	_
762	l	_	_	_	I	_	_
763	o	_	_	_	I	_	_
764	*	_	_	_	O	_	_
765	e	_	_	_	B	_	_
766	l	_	_	_	I	_	_
767	o	_	_	_	I	_	_
768	*	_	_	_	O	_	_
769	a	_	_	_	B	_	_
770	n	_	_	_	I	_	_
771	z	_	_	_	I	_	_
772	a	_	_	_	I	_	_
773	k	_	_	_	I	_	_
774	e	_	_	_	I	_	_
775	l	_	_	_	I	_	_
776	e	_	_	_	I	_	_
777	*	_	_	_	O	_	_
778	k	_	_	_	B	_	_
779	u	_	_	_	I	_	_
780	l	_	_	_	I	_	_
781	o	_	_	_	I	_	_
782	*	_	_	_	O	_	_
783	B	_	_	_	B	_	_
784	a	_	_	_	I	_	_
785	m	_	_	_	B	_	_
786	t	_	_	_	I	_	_
787	h	_	_	_	I	_	_
788	a	_	_	_	I	_	_
789	t	_	_	_	I	_	_
790	h	_	_	_	I	_	_
791	i	_	_	_	I	_	_
792	l	_	_	_	I	_	_
793	e	_	_	_	I	_	_
794	*	_	_	_	O	_	_
795	k	_	_	_	B	_	_
796	e	_	_	_	I	_	_
797	*	_	_	_	O	_	_
798	b	_	_	_	B	_	_
799	a	_	_	_	I	_	_
800	g	_	_	_	I	_	_
801	o	_	_	_	I	_	_
802	d	_	_	_	I	_	_
803	u	_	_	_	I	_	_
804	k	_	_	_	B	_	_
805	a	_	_	_	I	_	_
806	*	_	_	_	O	_	_
807	n	_	_	_	B	_	_
808	a	_	_	_	I	_	_
809	y	_	_	_	I	_	_
810	e	_	_	_	I	_	_
811	*	_	_	_	O	_	_

